Company	Implemented	Product
Zen Zoology	FALSE	ActiveCampaign
PhiPhotography	FALSE	ActiveCampaign
JunoJewelry	FALSE	ActiveCampaign
Novel Notions	FALSE	ActiveCampaign
Fit For Life	FALSE	ActiveCampaign
GigaGadgets	FALSE	ActiveCampaign
Joyful Journeys	FALSE	ActiveCampaign
EpsilonEducation	FALSE	ActiveCampaign
TrendyTees	FALSE	ActiveCampaign
Harmonious Homes	FALSE	ActiveCampaign
EpsilonEco	FALSE	ActiveCampaign
EcoEase Solutions	FALSE	ActiveCampaign
Pet Palace	FALSE	ActiveCampaign
MegaMovies	FALSE	ActiveCampaign
MindMeld	FALSE	ActiveCampaign
Restful Retreats	FALSE	ActiveCampaign
NuNutrition	FALSE	ActiveCampaign
RadiantReads	FALSE	ActiveCampaign
AlphaAccessories	FALSE	ActiveCampaign
FitFam Fitness	FALSE	ActiveCampaign
Radiant Robotics	FALSE	ActiveCampaign
Savvy Savers	FALSE	ActiveCampaign
PhiFitness	FALSE	ActiveCampaign
BravoBites	FALSE	ActiveCampaign
IotaIceCream	FALSE	ActiveCampaign
NovelNotions	FALSE	ActiveCampaign
Luxurious Luggage	FALSE	ActiveCampaign
IotaImprov	FALSE	ActiveCampaign
VirtuosoViolins	FALSE	ActiveCampaign
LuxeLashes	FALSE	ActiveCampaign
RhoRamen	FALSE	ActiveCampaign
XtremeXercise	FALSE	ActiveCampaign
Vibrant Visions	FALSE	ActiveCampaign
RhoRings	FALSE	ActiveCampaign
FoxtrotFitness	FALSE	ActiveCampaign
Zen Zumba	FALSE	ActiveCampaign
FitFusion	FALSE	ActiveCampaign
Fashion Forward	FALSE	ActiveCampaign
AlphaArt	FALSE	ActiveCampaign
PremiumPens	FALSE	ActiveCampaign
Dynamic Drones	FALSE	ActiveCampaign
Vibrant Vases	FALSE	ActiveCampaign
NuNotebooks	FALSE	ActiveCampaign
ZenZenith	FALSE	ActiveCampaign
StyleSavvy	FALSE	ActiveCampaign
Natural Necessities	FALSE	ActiveCampaign
DeltaDesigns	FALSE	ActiveCampaign
Fashion Forward	TRUE	Alteryx
AlphaArt	TRUE	Alteryx
PremiumPens	TRUE	Alteryx
Dynamic Drones	TRUE	Alteryx
UpsilonUndergarments	TRUE	Alteryx
InspireInnovations	TRUE	Alteryx
FarmFresh	TRUE	Alteryx
Motivational Mentors	TRUE	Alteryx
QuantaCoffee	TRUE	Alteryx
WholesomeWhisk	TRUE	Alteryx
Fantastic Furnishings	TRUE	Alteryx
GammaGardening	TRUE	Alteryx
SkyHigh Adventures	TRUE	Alteryx
SmartSips	TRUE	Alteryx
Talented Tailors	TRUE	Alteryx
SigmaShoes	TRUE	Alteryx
YogaYonder	TRUE	Alteryx
Wise Words	TRUE	Alteryx
KappaKnitting	TRUE	Alteryx
WholesomeWatches	TRUE	Alteryx
MysticMoods	TRUE	Alteryx
FitFusion	TRUE	Alteryx
NuNotebooks	TRUE	Alteryx
ZenZenith	TRUE	Alteryx
StyleSavvy	TRUE	Alteryx
Natural Necessities	TRUE	Alteryx
DeltaDesigns	TRUE	Alteryx
SavvySocks	TRUE	Alteryx
Glamorous Gaming	TRUE	Alteryx
Smart Homes	TRUE	Alteryx
Artisan Oven	TRUE	Alteryx
ArtisanArmor	TRUE	Alteryx
Premier Printing	TRUE	Alteryx
LambdaLiterature	TRUE	Alteryx
PioneerPhones	TRUE	Alteryx
Trendy Totes	TRUE	Alteryx
Creative Coding	TRUE	Alteryx
BitzBooks	TRUE	Alteryx
GlowGuru	TRUE	Alteryx
Global Goods	TRUE	Alteryx
SigmaSweets	TRUE	Alteryx
GolfGenius	TRUE	Alteryx
BitzBooks	TRUE	Alteryx
Vibrant Vases	TRUE	Alteryx
PhiPhotography	TRUE	Alteryx
JunoJewelry	TRUE	Alteryx
Novel Notions	TRUE	Alteryx
Fit For Life	TRUE	Alteryx
GigaGadgets	TRUE	Alteryx
PetPalace	TRUE	Alteryx
Quality Quilts	TRUE	Alteryx
DeltaDrinks	TRUE	Alteryx
QuillQuotes	TRUE	Alteryx
Ultimate Universes	TRUE	Alteryx
Green Thumb Gardening	TRUE	Alteryx
TauTea	TRUE	Alteryx
ZenZone	TRUE	Alteryx
Xcellent Xeriscaping	TRUE	Alteryx
LambdaLanguages	TRUE	Alteryx
XpressoXpress	TRUE	Alteryx
Wise Watches	TRUE	Alteryx
XiXylophoneOrchestra	TRUE	Alteryx
BetaBeauty	TRUE	Alteryx
QuirkyQuilts	TRUE	Alteryx
Esteemed Education	TRUE	Alteryx
Zen Zoology	TRUE	Alteryx
EpsilonEducation	TRUE	Alteryx
TrendyTees	TRUE	Alteryx
Harmonious Homes	TRUE	Alteryx
EpsilonEco	TRUE	Alteryx
EcoEase Solutions	TRUE	Alteryx
Quality Quilting	TRUE	Alteryx
Mindful Meditation	TRUE	Alteryx
MuMusic	TRUE	Alteryx
AlphaApparel	TRUE	Alteryx
Youthful Yogis	TRUE	Alteryx
EtaEscapeRooms	TRUE	Alteryx
Virtuoso Virtual Assistants	TRUE	Alteryx
HomeHaven	TRUE	Alteryx
Healthy Habits	TRUE	Alteryx
TauTies	TRUE	Alteryx
HotelHaven	TRUE	Alteryx
Ace Athletics	TRUE	Alteryx
ChiCheese	TRUE	Alteryx
ZipZap Deliveries	TRUE	Alteryx
TechTonic	TRUE	Alteryx
Optimal Outcomes	TRUE	Alteryx
Joyful Journeys	TRUE	Alteryx
MindMeld	TRUE	Alteryx
Restful Retreats	TRUE	Alteryx
NuNutrition	TRUE	Alteryx
RadiantReads	TRUE	Alteryx
Knowledgeable Knits	TRUE	Alteryx
ThetaTheater	TRUE	Alteryx
UpsilonUnderwear	TRUE	Alteryx
KidKonnect	TRUE	Alteryx
Innovative Ideas	TRUE	Alteryx
OmicronOrganics	TRUE	Alteryx
TrendyTech	TRUE	Alteryx
Xceptional Xeroxing	TRUE	Alteryx
Brilliant Blooms	TRUE	Alteryx
GammaGames	TRUE	Alteryx
RadiantReady	TRUE	Alteryx
Knowledge Navigators	TRUE	Alteryx
ZetaZen	TRUE	Alteryx
KaleidoscopeKids	TRUE	Alteryx
Optimal Organics	TRUE	Alteryx
Artistic Expressions	TRUE	Alteryx
Pet Palace	TRUE	Alteryx
MegaMovies	TRUE	Alteryx
Radiant Robotics	TRUE	Alteryx
Savvy Savers	TRUE	Alteryx
PhiFitness	TRUE	Alteryx
BravoBites	TRUE	Alteryx
Ultimate University	TRUE	Alteryx
PiPizza	TRUE	Alteryx
UltimateUniversity	TRUE	Alteryx
Youthful Yarns	TRUE	Alteryx
Eco-Friendly Cleaning Solutions	TRUE	Alteryx
PsiSocks	TRUE	Alteryx
DeltaDecor	TRUE	Alteryx
Bountiful Books	TRUE	Alteryx
PsiPlants	TRUE	Alteryx
GigaBytes Tech	TRUE	Alteryx
GreenGlow	TRUE	Alteryx
Tech Titans	TRUE	Alteryx
NanoNails	TRUE	Alteryx
UltimateUtensils	TRUE	Alteryx
Inspiring Instruments	TRUE	Alteryx
ZetaZumba	TRUE	Alteryx
MindMeld Therapy	TRUE	Alteryx
AlphaAccessories	TRUE	Alteryx
FitFam Fitness	TRUE	Alteryx
Luxurious Luggage	TRUE	Alteryx
IotaImprov	TRUE	Alteryx
VirtuosoViolins	TRUE	Alteryx
LuxeLashes	TRUE	Alteryx
Elegant Events	TRUE	Alteryx
OmegaOutdoors	TRUE	Alteryx
EchoEducation	TRUE	Alteryx
Marvelous Maps	TRUE	Alteryx
OmegaOuterwear	TRUE	Alteryx
BloomBox Flowers	TRUE	Alteryx
NatureNook	TRUE	Alteryx
Luxury Living	TRUE	Alteryx
EtaEntertainment	TRUE	Alteryx
LuxeLuggage	TRUE	Alteryx
Precise Prints	TRUE	Alteryx
BetaBaking	TRUE	Alteryx
QuirkyQuills Writing	TRUE	Alteryx
VitalVibes	TRUE	Alteryx
Sustainable Solutions	TRUE	Alteryx
XiXylophones	TRUE	Alteryx
SapphireStationery	TRUE	Alteryx
IotaIceCream	TRUE	Alteryx
NovelNotions	TRUE	Alteryx
Vibrant Visions	TRUE	Alteryx
RhoRings	TRUE	Alteryx
FoxtrotFitness	TRUE	Alteryx
Zen Zumba	TRUE	Alteryx
MuMystery	TRUE	Alteryx
YogaYurt	TRUE	Alteryx
OptimumOptics	TRUE	Alteryx
Chic Chocolates	TRUE	Alteryx
ThetaTech	TRUE	Alteryx
MuseMusic	TRUE	Alteryx
GigaGadgets	TRUE	Alteryx
Gourmet Grub	TRUE	Alteryx
PicoPets	TRUE	Alteryx
VibrantVinyls	TRUE	Alteryx
Joyful Jewels	TRUE	Alteryx
KappaKids	TRUE	Alteryx
OptimisticOutdoors	TRUE	Alteryx
Sensational Spices	TRUE	Alteryx
Bright Beginnings	TRUE	Alteryx
ChiChocolates	TRUE	Alteryx
CharlieChargers	TRUE	Alteryx
RhoRamen	TRUE	Alteryx
XtremeXercise	TRUE	Alteryx
RhoRamen	FALSE	Basecamp
MindMeld	FALSE	Basecamp
FoxtrotFitness	FALSE	Basecamp
Vibrant Visions	FALSE	Basecamp
StyleSavvy	FALSE	Basecamp
Fashion Forward	FALSE	Basecamp
Harmonious Homes	FALSE	Basecamp
PhiPhotography	FALSE	Basecamp
Restful Retreats	FALSE	Basecamp
EpsilonEducation	FALSE	Basecamp
IotaImprov	FALSE	Basecamp
DeltaDesigns	FALSE	Basecamp
Zen Zoology	FALSE	Basecamp
RhoRings	FALSE	Basecamp
RadiantReads	FALSE	Basecamp
Joyful Journeys	FALSE	Basecamp
AlphaArt	FALSE	Basecamp
Zen Zumba	FALSE	Basecamp
Pet Palace	FALSE	Basecamp
TrendyTees	FALSE	Basecamp
Natural Necessities	FALSE	Basecamp
RhoRamen	FALSE	Constant Contact
XtremeXercise	FALSE	Constant Contact
Vibrant Visions	FALSE	Constant Contact
IotaImprov	FALSE	Constant Contact
VirtuosoViolins	FALSE	Constant Contact
LuxeLashes	FALSE	Constant Contact
FitFusion	FALSE	Constant Contact
Fashion Forward	FALSE	Constant Contact
RhoRings	FALSE	Constant Contact
FoxtrotFitness	FALSE	Constant Contact
Zen Zumba	FALSE	Constant Contact
Vibrant Vases	FALSE	Constant Contact
NuNotebooks	FALSE	Constant Contact
AlphaArt	FALSE	Constant Contact
PremiumPens	FALSE	Constant Contact
Dynamic Drones	FALSE	Constant Contact
Zen Zoology	FALSE	Constant Contact
PhiPhotography	FALSE	Constant Contact
ZenZenith	FALSE	Constant Contact
StyleSavvy	FALSE	Constant Contact
Natural Necessities	FALSE	Constant Contact
DeltaDesigns	FALSE	Constant Contact
Joyful Journeys	FALSE	Constant Contact
EpsilonEducation	FALSE	Constant Contact
JunoJewelry	FALSE	Constant Contact
Novel Notions	FALSE	Constant Contact
Fit For Life	FALSE	Constant Contact
GigaGadgets	FALSE	Constant Contact
Pet Palace	FALSE	Constant Contact
MegaMovies	FALSE	Constant Contact
TrendyTees	FALSE	Constant Contact
Harmonious Homes	FALSE	Constant Contact
EpsilonEco	FALSE	Constant Contact
EcoEase Solutions	FALSE	Constant Contact
AlphaAccessories	FALSE	Constant Contact
FitFam Fitness	FALSE	Constant Contact
MindMeld	FALSE	Constant Contact
Restful Retreats	FALSE	Constant Contact
NuNutrition	FALSE	Constant Contact
RadiantReads	FALSE	Constant Contact
IotaIceCream	FALSE	Constant Contact
NovelNotions	FALSE	Constant Contact
Luxurious Luggage	FALSE	Constant Contact
Savvy Savers	FALSE	Constant Contact
PhiFitness	FALSE	Constant Contact
BravoBites	FALSE	Constant Contact
InspireInnovations	TRUE	Domo
BitzBooks	TRUE	Domo
Ultimate University	TRUE	Domo
Healthy Habits	TRUE	Domo
RadiantReads	TRUE	Domo
TrendyTech	TRUE	Domo
AlphaAccessories	TRUE	Domo
DeltaDecor	TRUE	Domo
Ultimate Universes	TRUE	Domo
BitzBooks	TRUE	Domo
ThetaTech	TRUE	Domo
WholesomeWatches	TRUE	Domo
UltimateUniversity	TRUE	Domo
Global Goods	TRUE	Domo
Glamorous Gaming	TRUE	Domo
Tech Titans	TRUE	Domo
Vibrant Visions	FALSE	Freshdesk
Ultimate University	TRUE	Freshdesk
Glamorous Gaming	TRUE	Freshdesk
ThetaTech	TRUE	Freshdesk
ZenZone	FALSE	Freshdesk
BetaBaking	TRUE	Freshdesk
Sustainable Solutions	FALSE	Freshdesk
PhiPhotography	TRUE	Freshdesk
Elegant Events	FALSE	Freshdesk
Quality Quilts	TRUE	Freshdesk
QuillQuotes	TRUE	Freshdesk
Bountiful Books	TRUE	Freshdesk
KappaKids	TRUE	Freshdesk
Bright Beginnings	TRUE	Freshdesk
Vibrant Vases	TRUE	Freshdesk
RadiantReads	TRUE	Freshdesk
Mindful Meditation	TRUE	Freshdesk
KidKonnect	FALSE	Freshdesk
Virtuoso Virtual Assistants	TRUE	Freshdesk
BitzBooks	TRUE	Freshdesk
KaleidoscopeKids	TRUE	Freshdesk
Zen Zoology	TRUE	Freshdesk
Fit For Life	TRUE	Freshdesk
ThetaTheater	TRUE	Freshdesk
Youthful Yarns	TRUE	Freshdesk
TrendyTech	TRUE	Freshdesk
HotelHaven	TRUE	Freshdesk
Sensational Spices	TRUE	Freshdesk
Joyful Journeys	TRUE	Freshdesk
VirtuosoViolins	TRUE	Freshdesk
OmegaOutdoors	TRUE	Freshdesk
Chic Chocolates	TRUE	Freshdesk
DeltaDecor	TRUE	Freshdesk
GreenGlow	TRUE	Freshdesk
Wise Words	TRUE	Freshdesk
SapphireStationery	FALSE	Freshdesk
Pet Palace	TRUE	Freshdesk
Harmonious Homes	FALSE	Freshdesk
YogaYurt	TRUE	Freshdesk
Motivational Mentors	TRUE	Freshdesk
Ultimate Universes	TRUE	Freshdesk
Healthy Habits	TRUE	Freshdesk
Global Goods	TRUE	Freshdesk
BitzBooks	TRUE	Freshdesk
AlphaAccessories	TRUE	Freshdesk
Restful Retreats	TRUE	Freshdesk
PetPalace	TRUE	Freshdesk
Smart Homes	FALSE	Freshdesk
Youthful Yogis	TRUE	Freshdesk
PicoPets	TRUE	Freshdesk
QuirkyQuills Writing	TRUE	Freshdesk
Artistic Expressions	FALSE	Freshdesk
Savvy Savers	FALSE	Freshdesk
Quality Quilting	TRUE	Freshdesk
UltimateUniversity	TRUE	Freshdesk
Eco-Friendly Cleaning Solutions	TRUE	Freshdesk
PioneerPhones	TRUE	Freshdesk
Knowledge Navigators	TRUE	Freshdesk
WholesomeWatches	TRUE	Freshdesk
FitFusion	FALSE	Freshsales
Fashion Forward	FALSE	Freshsales
RhoRings	FALSE	Freshsales
FoxtrotFitness	FALSE	Freshsales
LuxeLashes	FALSE	Freshsales
Vibrant Vases	FALSE	Freshsales
NuNotebooks	FALSE	Freshsales
AlphaArt	FALSE	Freshsales
PremiumPens	FALSE	Freshsales
Zen Zumba	FALSE	Freshsales
Zen Zoology	FALSE	Freshsales
PhiPhotography	FALSE	Freshsales
ZenZenith	FALSE	Freshsales
StyleSavvy	FALSE	Freshsales
Dynamic Drones	FALSE	Freshsales
Joyful Journeys	FALSE	Freshsales
EpsilonEducation	FALSE	Freshsales
JunoJewelry	FALSE	Freshsales
Novel Notions	FALSE	Freshsales
Fit For Life	FALSE	Freshsales
DeltaDesigns	FALSE	Freshsales
Pet Palace	FALSE	Freshsales
MegaMovies	FALSE	Freshsales
TrendyTees	FALSE	Freshsales
Harmonious Homes	FALSE	Freshsales
EpsilonEco	FALSE	Freshsales
GigaGadgets	FALSE	Freshsales
AlphaAccessories	FALSE	Freshsales
FitFam Fitness	FALSE	Freshsales
MindMeld	FALSE	Freshsales
Restful Retreats	FALSE	Freshsales
NuNutrition	FALSE	Freshsales
EcoEase Solutions	FALSE	Freshsales
IotaIceCream	FALSE	Freshsales
NovelNotions	FALSE	Freshsales
Radiant Robotics	FALSE	Freshsales
Savvy Savers	FALSE	Freshsales
PhiFitness	FALSE	Freshsales
RadiantReads	FALSE	Freshsales
RhoRamen	FALSE	Freshsales
XtremeXercise	FALSE	Freshsales
Luxurious Luggage	FALSE	Freshsales
IotaImprov	FALSE	Freshsales
VirtuosoViolins	FALSE	Freshsales
BravoBites	FALSE	Freshsales
Glamorous Gaming	TRUE	Freshservice
Global Goods	TRUE	Freshservice
Ultimate University	TRUE	Freshservice
BitzBooks	TRUE	Freshservice
RadiantReads	TRUE	Freshservice
Healthy Habits	TRUE	Freshservice
AlphaAccessories	TRUE	Freshservice
TrendyTech	TRUE	Freshservice
DeltaDecor	TRUE	Freshservice
Ultimate Universes	TRUE	Freshservice
BitzBooks	TRUE	Freshservice
ThetaTech	TRUE	Freshservice
WholesomeWatches	TRUE	Freshservice
UltimateUniversity	TRUE	Freshservice
Sensational Spices	TRUE	Freshservice
MindMeld	FALSE	GetResponse
Radiant Robotics	FALSE	GetResponse
EpsilonEducation	FALSE	GetResponse
HotelHaven	TRUE	Google Data Studio
Ace Athletics	TRUE	Google Data Studio
ChiCheese	TRUE	Google Data Studio
ZipZap Deliveries	TRUE	Google Data Studio
TechTonic	TRUE	Google Data Studio
Optimal Outcomes	TRUE	Google Data Studio
Joyful Journeys	TRUE	Google Data Studio
EpsilonEducation	TRUE	Google Data Studio
TrendyTees	TRUE	Google Data Studio
Harmonious Homes	TRUE	Google Data Studio
EpsilonEco	TRUE	Google Data Studio
EcoEase Solutions	TRUE	Google Data Studio
Quality Quilting	TRUE	Google Data Studio
Mindful Meditation	TRUE	Google Data Studio
MuMusic	TRUE	Google Data Studio
AlphaApparel	TRUE	Google Data Studio
Youthful Yogis	TRUE	Google Data Studio
EtaEscapeRooms	TRUE	Google Data Studio
Virtuoso Virtual Assistants	TRUE	Google Data Studio
HomeHaven	TRUE	Google Data Studio
Healthy Habits	TRUE	Google Data Studio
TauTies	TRUE	Google Data Studio
RadiantReady	TRUE	Google Data Studio
Knowledge Navigators	TRUE	Google Data Studio
ZetaZen	TRUE	Google Data Studio
KaleidoscopeKids	TRUE	Google Data Studio
Optimal Organics	TRUE	Google Data Studio
Artistic Expressions	TRUE	Google Data Studio
Pet Palace	TRUE	Google Data Studio
MegaMovies	TRUE	Google Data Studio
MindMeld	TRUE	Google Data Studio
Restful Retreats	TRUE	Google Data Studio
NuNutrition	TRUE	Google Data Studio
RadiantReads	TRUE	Google Data Studio
Knowledgeable Knits	TRUE	Google Data Studio
ThetaTheater	TRUE	Google Data Studio
UpsilonUnderwear	TRUE	Google Data Studio
KidKonnect	TRUE	Google Data Studio
Innovative Ideas	TRUE	Google Data Studio
OmicronOrganics	TRUE	Google Data Studio
TrendyTech	TRUE	Google Data Studio
Xceptional Xeroxing	TRUE	Google Data Studio
Brilliant Blooms	TRUE	Google Data Studio
GammaGames	TRUE	Google Data Studio
GreenGlow	TRUE	Google Data Studio
Tech Titans	TRUE	Google Data Studio
NanoNails	TRUE	Google Data Studio
UltimateUtensils	TRUE	Google Data Studio
Inspiring Instruments	TRUE	Google Data Studio
ZetaZumba	TRUE	Google Data Studio
MindMeld Therapy	TRUE	Google Data Studio
AlphaAccessories	TRUE	Google Data Studio
FitFam Fitness	TRUE	Google Data Studio
Radiant Robotics	TRUE	Google Data Studio
Savvy Savers	TRUE	Google Data Studio
PhiFitness	TRUE	Google Data Studio
BravoBites	TRUE	Google Data Studio
Ultimate University	TRUE	Google Data Studio
PiPizza	TRUE	Google Data Studio
UltimateUniversity	TRUE	Google Data Studio
Youthful Yarns	TRUE	Google Data Studio
Eco-Friendly Cleaning Solutions	TRUE	Google Data Studio
PsiSocks	TRUE	Google Data Studio
DeltaDecor	TRUE	Google Data Studio
Bountiful Books	TRUE	Google Data Studio
PsiPlants	TRUE	Google Data Studio
GigaBytes Tech	TRUE	Google Data Studio
Precise Prints	TRUE	Google Data Studio
BetaBaking	TRUE	Google Data Studio
QuirkyQuills Writing	TRUE	Google Data Studio
VitalVibes	TRUE	Google Data Studio
Sustainable Solutions	TRUE	Google Data Studio
XiXylophones	TRUE	Google Data Studio
SapphireStationery	TRUE	Google Data Studio
IotaIceCream	TRUE	Google Data Studio
NovelNotions	TRUE	Google Data Studio
Luxurious Luggage	TRUE	Google Data Studio
IotaImprov	TRUE	Google Data Studio
VirtuosoViolins	TRUE	Google Data Studio
LuxeLashes	TRUE	Google Data Studio
Elegant Events	TRUE	Google Data Studio
OmegaOutdoors	TRUE	Google Data Studio
EchoEducation	TRUE	Google Data Studio
Marvelous Maps	TRUE	Google Data Studio
OmegaOuterwear	TRUE	Google Data Studio
BloomBox Flowers	TRUE	Google Data Studio
NatureNook	TRUE	Google Data Studio
Luxury Living	TRUE	Google Data Studio
EtaEntertainment	TRUE	Google Data Studio
LuxeLuggage	TRUE	Google Data Studio
Joyful Jewels	TRUE	Google Data Studio
KappaKids	TRUE	Google Data Studio
OptimisticOutdoors	TRUE	Google Data Studio
Sensational Spices	TRUE	Google Data Studio
Bright Beginnings	TRUE	Google Data Studio
ChiChocolates	TRUE	Google Data Studio
CharlieChargers	TRUE	Google Data Studio
RhoRamen	TRUE	Google Data Studio
XtremeXercise	TRUE	Google Data Studio
Vibrant Visions	TRUE	Google Data Studio
RhoRings	TRUE	Google Data Studio
FoxtrotFitness	TRUE	Google Data Studio
Zen Zumba	TRUE	Google Data Studio
MuMystery	TRUE	Google Data Studio
YogaYurt	TRUE	Google Data Studio
OptimumOptics	TRUE	Google Data Studio
Chic Chocolates	TRUE	Google Data Studio
ThetaTech	TRUE	Google Data Studio
MuseMusic	TRUE	Google Data Studio
GigaGadgets	TRUE	Google Data Studio
Gourmet Grub	TRUE	Google Data Studio
PicoPets	TRUE	Google Data Studio
VibrantVinyls	TRUE	Google Data Studio
Talented Tailors	TRUE	Google Data Studio
SigmaShoes	TRUE	Google Data Studio
YogaYonder	TRUE	Google Data Studio
Wise Words	TRUE	Google Data Studio
KappaKnitting	TRUE	Google Data Studio
WholesomeWatches	TRUE	Google Data Studio
MysticMoods	TRUE	Google Data Studio
FitFusion	TRUE	Google Data Studio
Fashion Forward	TRUE	Google Data Studio
AlphaArt	TRUE	Google Data Studio
PremiumPens	TRUE	Google Data Studio
Dynamic Drones	TRUE	Google Data Studio
UpsilonUndergarments	TRUE	Google Data Studio
InspireInnovations	TRUE	Google Data Studio
FarmFresh	TRUE	Google Data Studio
Motivational Mentors	TRUE	Google Data Studio
QuantaCoffee	TRUE	Google Data Studio
WholesomeWhisk	TRUE	Google Data Studio
Fantastic Furnishings	TRUE	Google Data Studio
GammaGardening	TRUE	Google Data Studio
SkyHigh Adventures	TRUE	Google Data Studio
SmartSips	TRUE	Google Data Studio
Creative Coding	TRUE	Google Data Studio
BitzBooks	TRUE	Google Data Studio
GlowGuru	TRUE	Google Data Studio
Global Goods	TRUE	Google Data Studio
SigmaSweets	TRUE	Google Data Studio
GolfGenius	TRUE	Google Data Studio
BitzBooks	TRUE	Google Data Studio
Vibrant Vases	TRUE	Google Data Studio
NuNotebooks	TRUE	Google Data Studio
ZenZenith	TRUE	Google Data Studio
StyleSavvy	TRUE	Google Data Studio
Natural Necessities	TRUE	Google Data Studio
DeltaDesigns	TRUE	Google Data Studio
SavvySocks	TRUE	Google Data Studio
Glamorous Gaming	TRUE	Google Data Studio
Smart Homes	TRUE	Google Data Studio
Artisan Oven	TRUE	Google Data Studio
ArtisanArmor	TRUE	Google Data Studio
Premier Printing	TRUE	Google Data Studio
LambdaLiterature	TRUE	Google Data Studio
PioneerPhones	TRUE	Google Data Studio
Trendy Totes	TRUE	Google Data Studio
XpressoXpress	TRUE	Google Data Studio
Wise Watches	TRUE	Google Data Studio
XiXylophoneOrchestra	TRUE	Google Data Studio
BetaBeauty	TRUE	Google Data Studio
QuirkyQuilts	TRUE	Google Data Studio
Esteemed Education	TRUE	Google Data Studio
Zen Zoology	TRUE	Google Data Studio
PhiPhotography	TRUE	Google Data Studio
JunoJewelry	TRUE	Google Data Studio
Novel Notions	TRUE	Google Data Studio
Fit For Life	TRUE	Google Data Studio
GigaGadgets	TRUE	Google Data Studio
PetPalace	TRUE	Google Data Studio
Quality Quilts	TRUE	Google Data Studio
DeltaDrinks	TRUE	Google Data Studio
QuillQuotes	TRUE	Google Data Studio
Ultimate Universes	TRUE	Google Data Studio
Green Thumb Gardening	TRUE	Google Data Studio
TauTea	TRUE	Google Data Studio
ZenZone	TRUE	Google Data Studio
Xcellent Xeriscaping	TRUE	Google Data Studio
LambdaLanguages	TRUE	Google Data Studio
Fit For Life	FALSE	HappyFox
Mindful Meditation	FALSE	HappyFox
ThetaTech	FALSE	HappyFox
PioneerPhones	TRUE	HappyFox
Knowledge Navigators	FALSE	HappyFox
Restful Retreats	TRUE	HappyFox
ThetaTheater	TRUE	HappyFox
QuillQuotes	TRUE	HappyFox
Bountiful Books	TRUE	HappyFox
BetaBaking	FALSE	HappyFox
BitzBooks	TRUE	HappyFox
PhiPhotography	FALSE	HappyFox
OmegaOutdoors	TRUE	HappyFox
Youthful Yarns	TRUE	HappyFox
Virtuoso Virtual Assistants	TRUE	HappyFox
KappaKids	FALSE	HappyFox
WholesomeWatches	FALSE	HappyFox
Vibrant Vases	TRUE	HappyFox
YogaYurt	FALSE	HappyFox
Chic Chocolates	TRUE	HappyFox
TrendyTech	FALSE	HappyFox
BitzBooks	TRUE	HappyFox
Bright Beginnings	TRUE	HappyFox
Zen Zoology	TRUE	HappyFox
PetPalace	TRUE	HappyFox
Motivational Mentors	TRUE	HappyFox
DeltaDecor	FALSE	HappyFox
HotelHaven	FALSE	HappyFox
Sensational Spices	TRUE	HappyFox
Joyful Journeys	FALSE	HappyFox
Quality Quilting	TRUE	HappyFox
UltimateUniversity	FALSE	HappyFox
Ultimate Universes	TRUE	HappyFox
GreenGlow	FALSE	HappyFox
Wise Words	TRUE	HappyFox
Pet Palace	TRUE	HappyFox
Ultimate University	TRUE	HappyFox
Glamorous Gaming	TRUE	HappyFox
Youthful Yogis	FALSE	HappyFox
Healthy Habits	TRUE	HappyFox
Global Goods	TRUE	HappyFox
AlphaAccessories	TRUE	HappyFox
RadiantReads	TRUE	HappyFox
Quality Quilts	FALSE	HappyFox
Eco-Friendly Cleaning Solutions	FALSE	HappyFox
PicoPets	TRUE	HappyFox
QuirkyQuills Writing	TRUE	HappyFox
Glamorous Gaming	TRUE	HubSpot Service Hub
Tech Titans	TRUE	HubSpot Service Hub
InspireInnovations	TRUE	HubSpot Service Hub
BitzBooks	TRUE	HubSpot Service Hub
Ultimate University	TRUE	HubSpot Service Hub
Healthy Habits	TRUE	HubSpot Service Hub
RadiantReads	TRUE	HubSpot Service Hub
TrendyTech	TRUE	HubSpot Service Hub
AlphaAccessories	TRUE	HubSpot Service Hub
DeltaDecor	TRUE	HubSpot Service Hub
BitzBooks	TRUE	HubSpot Service Hub
Ultimate Universes	TRUE	HubSpot Service Hub
WholesomeWatches	TRUE	HubSpot Service Hub
ThetaTech	TRUE	HubSpot Service Hub
Sensational Spices	TRUE	HubSpot Service Hub
UltimateUniversity	TRUE	HubSpot Service Hub
Global Goods	TRUE	HubSpot Service Hub
Restful Retreats	FALSE	Insightly
InspireInnovations	TRUE	Intercom
Healthy Habits	TRUE	Intercom
PetPalace	TRUE	Intercom
PioneerPhones	TRUE	Intercom
Ultimate University	TRUE	Intercom
TrendyTech	TRUE	Intercom
BitzBooks	TRUE	Intercom
RadiantReads	TRUE	Intercom
DeltaDecor	TRUE	Intercom
WholesomeWatches	TRUE	Intercom
AlphaAccessories	TRUE	Intercom
Ultimate Universes	TRUE	Intercom
Sensational Spices	TRUE	Intercom
ThetaTech	TRUE	Intercom
Global Goods	TRUE	Intercom
UltimateUniversity	TRUE	Intercom
Tech Titans	TRUE	Intercom
Glamorous Gaming	TRUE	Intercom
BitzBooks	TRUE	Intercom
FitFusion	FALSE	Jira
Luxurious Luggage	FALSE	Jira
NuNutrition	FALSE	Jira
AlphaAccessories	FALSE	Jira
Vibrant Visions	FALSE	Jira
PhiFitness	FALSE	Jira
IotaIceCream	FALSE	Jira
NuNotebooks	FALSE	Jira
VirtuosoViolins	FALSE	Jira
GigaGadgets	FALSE	Jira
EpsilonEducation	FALSE	Jira
FoxtrotFitness	FALSE	Jira
BravoBites	FALSE	Jira
MegaMovies	FALSE	Jira
Novel Notions	FALSE	Jira
Dynamic Drones	FALSE	Jira
FitFam Fitness	FALSE	Jira
ZenZenith	FALSE	Jira
Natural Necessities	FALSE	Jira
NovelNotions	FALSE	Jira
MindMeld	FALSE	Jira
Fit For Life	FALSE	Jira
XtremeXercise	FALSE	Jira
Radiant Robotics	FALSE	Jira
EpsilonEco	FALSE	Jira
Vibrant Vases	TRUE	Jira Service Management
NuNotebooks	TRUE	Jira Service Management
ZenZenith	TRUE	Jira Service Management
StyleSavvy	TRUE	Jira Service Management
Natural Necessities	TRUE	Jira Service Management
DeltaDesigns	TRUE	Jira Service Management
SavvySocks	TRUE	Jira Service Management
Glamorous Gaming	TRUE	Jira Service Management
Smart Homes	TRUE	Jira Service Management
Artisan Oven	TRUE	Jira Service Management
ArtisanArmor	TRUE	Jira Service Management
Premier Printing	TRUE	Jira Service Management
LambdaLiterature	TRUE	Jira Service Management
PioneerPhones	TRUE	Jira Service Management
Trendy Totes	TRUE	Jira Service Management
Creative Coding	TRUE	Jira Service Management
BitzBooks	TRUE	Jira Service Management
GlowGuru	TRUE	Jira Service Management
Global Goods	TRUE	Jira Service Management
SigmaSweets	TRUE	Jira Service Management
GolfGenius	TRUE	Jira Service Management
BitzBooks	TRUE	Jira Service Management
Zen Zoology	TRUE	Jira Service Management
PhiPhotography	TRUE	Jira Service Management
JunoJewelry	TRUE	Jira Service Management
Novel Notions	TRUE	Jira Service Management
Fit For Life	TRUE	Jira Service Management
GigaGadgets	TRUE	Jira Service Management
PetPalace	TRUE	Jira Service Management
Quality Quilts	TRUE	Jira Service Management
DeltaDrinks	TRUE	Jira Service Management
QuillQuotes	TRUE	Jira Service Management
Ultimate Universes	TRUE	Jira Service Management
Green Thumb Gardening	TRUE	Jira Service Management
TauTea	TRUE	Jira Service Management
ZenZone	TRUE	Jira Service Management
Xcellent Xeriscaping	TRUE	Jira Service Management
LambdaLanguages	TRUE	Jira Service Management
XpressoXpress	TRUE	Jira Service Management
Wise Watches	TRUE	Jira Service Management
XiXylophoneOrchestra	TRUE	Jira Service Management
BetaBeauty	TRUE	Jira Service Management
QuirkyQuilts	TRUE	Jira Service Management
Esteemed Education	TRUE	Jira Service Management
Joyful Journeys	TRUE	Jira Service Management
EpsilonEducation	TRUE	Jira Service Management
TrendyTees	TRUE	Jira Service Management
Harmonious Homes	TRUE	Jira Service Management
EpsilonEco	TRUE	Jira Service Management
EcoEase Solutions	TRUE	Jira Service Management
Quality Quilting	TRUE	Jira Service Management
Mindful Meditation	TRUE	Jira Service Management
MuMusic	TRUE	Jira Service Management
AlphaApparel	TRUE	Jira Service Management
Youthful Yogis	TRUE	Jira Service Management
EtaEscapeRooms	TRUE	Jira Service Management
Virtuoso Virtual Assistants	TRUE	Jira Service Management
HomeHaven	TRUE	Jira Service Management
Healthy Habits	TRUE	Jira Service Management
TauTies	TRUE	Jira Service Management
HotelHaven	TRUE	Jira Service Management
Ace Athletics	TRUE	Jira Service Management
ChiCheese	TRUE	Jira Service Management
ZipZap Deliveries	TRUE	Jira Service Management
TechTonic	TRUE	Jira Service Management
Optimal Outcomes	TRUE	Jira Service Management
Pet Palace	TRUE	Jira Service Management
MegaMovies	TRUE	Jira Service Management
MindMeld	TRUE	Jira Service Management
Restful Retreats	TRUE	Jira Service Management
NuNutrition	TRUE	Jira Service Management
RadiantReads	TRUE	Jira Service Management
Knowledgeable Knits	TRUE	Jira Service Management
ThetaTheater	TRUE	Jira Service Management
UpsilonUnderwear	TRUE	Jira Service Management
KidKonnect	TRUE	Jira Service Management
Innovative Ideas	TRUE	Jira Service Management
OmicronOrganics	TRUE	Jira Service Management
TrendyTech	TRUE	Jira Service Management
Xceptional Xeroxing	TRUE	Jira Service Management
Brilliant Blooms	TRUE	Jira Service Management
GammaGames	TRUE	Jira Service Management
RadiantReady	TRUE	Jira Service Management
Knowledge Navigators	TRUE	Jira Service Management
ZetaZen	TRUE	Jira Service Management
KaleidoscopeKids	TRUE	Jira Service Management
Optimal Organics	TRUE	Jira Service Management
Artistic Expressions	TRUE	Jira Service Management
AlphaAccessories	TRUE	Jira Service Management
FitFam Fitness	TRUE	Jira Service Management
Radiant Robotics	TRUE	Jira Service Management
Savvy Savers	TRUE	Jira Service Management
PhiFitness	TRUE	Jira Service Management
BravoBites	TRUE	Jira Service Management
Ultimate University	TRUE	Jira Service Management
PiPizza	TRUE	Jira Service Management
UltimateUniversity	TRUE	Jira Service Management
Youthful Yarns	TRUE	Jira Service Management
Eco-Friendly Cleaning Solutions	TRUE	Jira Service Management
PsiSocks	TRUE	Jira Service Management
DeltaDecor	TRUE	Jira Service Management
Bountiful Books	TRUE	Jira Service Management
PsiPlants	TRUE	Jira Service Management
GigaBytes Tech	TRUE	Jira Service Management
GreenGlow	TRUE	Jira Service Management
Tech Titans	TRUE	Jira Service Management
NanoNails	TRUE	Jira Service Management
UltimateUtensils	TRUE	Jira Service Management
Inspiring Instruments	TRUE	Jira Service Management
ZetaZumba	TRUE	Jira Service Management
MindMeld Therapy	TRUE	Jira Service Management
IotaIceCream	TRUE	Jira Service Management
NovelNotions	TRUE	Jira Service Management
Luxurious Luggage	TRUE	Jira Service Management
IotaImprov	TRUE	Jira Service Management
VirtuosoViolins	TRUE	Jira Service Management
LuxeLashes	TRUE	Jira Service Management
Elegant Events	TRUE	Jira Service Management
OmegaOutdoors	TRUE	Jira Service Management
EchoEducation	TRUE	Jira Service Management
Marvelous Maps	TRUE	Jira Service Management
OmegaOuterwear	TRUE	Jira Service Management
BloomBox Flowers	TRUE	Jira Service Management
NatureNook	TRUE	Jira Service Management
Luxury Living	TRUE	Jira Service Management
EtaEntertainment	TRUE	Jira Service Management
LuxeLuggage	TRUE	Jira Service Management
Precise Prints	TRUE	Jira Service Management
BetaBaking	TRUE	Jira Service Management
QuirkyQuills Writing	TRUE	Jira Service Management
VitalVibes	TRUE	Jira Service Management
Sustainable Solutions	TRUE	Jira Service Management
XiXylophones	TRUE	Jira Service Management
SapphireStationery	TRUE	Jira Service Management
RhoRamen	TRUE	Jira Service Management
XtremeXercise	TRUE	Jira Service Management
Vibrant Visions	TRUE	Jira Service Management
RhoRings	TRUE	Jira Service Management
FoxtrotFitness	TRUE	Jira Service Management
Zen Zumba	TRUE	Jira Service Management
MuMystery	TRUE	Jira Service Management
YogaYurt	TRUE	Jira Service Management
OptimumOptics	TRUE	Jira Service Management
Chic Chocolates	TRUE	Jira Service Management
ThetaTech	TRUE	Jira Service Management
MuseMusic	TRUE	Jira Service Management
GigaGadgets	TRUE	Jira Service Management
Gourmet Grub	TRUE	Jira Service Management
PicoPets	TRUE	Jira Service Management
VibrantVinyls	TRUE	Jira Service Management
Joyful Jewels	TRUE	Jira Service Management
KappaKids	TRUE	Jira Service Management
OptimisticOutdoors	TRUE	Jira Service Management
Sensational Spices	TRUE	Jira Service Management
Bright Beginnings	TRUE	Jira Service Management
ChiChocolates	TRUE	Jira Service Management
CharlieChargers	TRUE	Jira Service Management
FitFusion	TRUE	Jira Service Management
Fashion Forward	TRUE	Jira Service Management
AlphaArt	TRUE	Jira Service Management
PremiumPens	TRUE	Jira Service Management
Dynamic Drones	TRUE	Jira Service Management
UpsilonUndergarments	TRUE	Jira Service Management
InspireInnovations	TRUE	Jira Service Management
FarmFresh	TRUE	Jira Service Management
Motivational Mentors	TRUE	Jira Service Management
QuantaCoffee	TRUE	Jira Service Management
WholesomeWhisk	TRUE	Jira Service Management
Fantastic Furnishings	TRUE	Jira Service Management
GammaGardening	TRUE	Jira Service Management
SkyHigh Adventures	TRUE	Jira Service Management
SmartSips	TRUE	Jira Service Management
Talented Tailors	TRUE	Jira Service Management
SigmaShoes	TRUE	Jira Service Management
YogaYonder	TRUE	Jira Service Management
Wise Words	TRUE	Jira Service Management
KappaKnitting	TRUE	Jira Service Management
WholesomeWatches	TRUE	Jira Service Management
MysticMoods	TRUE	Jira Service Management
EcoEase Solutions	TRUE	Looker
Ultimate Universes	TRUE	Looker
Tech Titans	TRUE	Looker
RadiantReads	TRUE	Looker
ThetaTech	TRUE	Looker
BitzBooks	TRUE	Looker
EpsilonEco	TRUE	Looker
UltimateUniversity	TRUE	Looker
Creative Coding	TRUE	Looker
AlphaAccessories	TRUE	Looker
Glamorous Gaming	TRUE	Looker
GigaBytes Tech	TRUE	Looker
InspireInnovations	TRUE	Looker
Healthy Habits	TRUE	Looker
BitzBooks	TRUE	Looker
PetPalace	TRUE	Looker
PioneerPhones	TRUE	Looker
WholesomeWatches	TRUE	Looker
Ultimate University	TRUE	Looker
TrendyTech	TRUE	Looker
Sensational Spices	TRUE	Looker
UpsilonUndergarments	TRUE	Looker
DeltaDecor	TRUE	Looker
Global Goods	TRUE	Looker
NovelNotions	FALSE	Mailchimp
MindMeld	FALSE	Mailchimp
EpsilonEco	FALSE	Mailchimp
XtremeXercise	FALSE	Mailchimp
Luxurious Luggage	FALSE	Mailchimp
NuNutrition	FALSE	Mailchimp
DeltaDesigns	FALSE	Mailchimp
FitFusion	FALSE	Mailchimp
Vibrant Visions	FALSE	Mailchimp
PhiFitness	FALSE	Mailchimp
GigaGadgets	FALSE	Mailchimp
Joyful Journeys	FALSE	Mailchimp
Fashion Forward	FALSE	Mailchimp
VirtuosoViolins	FALSE	Mailchimp
RadiantReads	FALSE	Mailchimp
Pet Palace	FALSE	Mailchimp
NuNotebooks	FALSE	Mailchimp
FoxtrotFitness	FALSE	Mailchimp
BravoBites	FALSE	Mailchimp
AlphaAccessories	FALSE	Mailchimp
PhiPhotography	FALSE	Mailchimp
PremiumPens	FALSE	Mailchimp
Dynamic Drones	FALSE	Mailchimp
IotaIceCream	FALSE	Mailchimp
EpsilonEducation	FALSE	Mailchimp
AlphaArt	FALSE	Mailchimp
Natural Necessities	FALSE	Mailchimp
FitFam Fitness	FALSE	Mailchimp
ZenZenith	FALSE	Mailchimp
Fit For Life	FALSE	Mailchimp
IotaIceCream	FALSE	Microsoft Dynamics 365
Dynamic Drones	FALSE	Microsoft Dynamics 365
VirtuosoViolins	FALSE	Microsoft Dynamics 365
Novel Notions	FALSE	Microsoft Dynamics 365
MindMeld	FALSE	Microsoft Dynamics 365
Luxurious Luggage	FALSE	Microsoft Dynamics 365
EpsilonEducation	FALSE	Microsoft Dynamics 365
MegaMovies	FALSE	Microsoft Dynamics 365
Pet Palace	FALSE	Monday.com
Vibrant Visions	FALSE	Monday.com
Restful Retreats	FALSE	Monday.com
EcoEase Solutions	FALSE	Monday.com
RhoRamen	FALSE	Monday.com
Fashion Forward	FALSE	Monday.com
Savvy Savers	FALSE	Monday.com
RadiantReads	FALSE	Monday.com
PhiPhotography	FALSE	Monday.com
IotaImprov	FALSE	Monday.com
LuxeLashes	FALSE	Monday.com
EpsilonEducation	FALSE	Monday.com
RhoRings	FALSE	Monday.com
Zen Zumba	FALSE	Monday.com
MegaMovies	FALSE	Monday.com
AlphaArt	FALSE	Monday.com
Natural Necessities	FALSE	Monday.com
Vibrant Vases	FALSE	Monday.com
JunoJewelry	FALSE	Monday.com
StyleSavvy	FALSE	Monday.com
Zen Zoology	FALSE	Monday.com
TrendyTees	FALSE	Monday.com
Novel Notions	FALSE	Monday.com
Joyful Journeys	FALSE	Monday.com
MindMeld	FALSE	Monday.com
Harmonious Homes	FALSE	Monday.com
DeltaDesigns	FALSE	Monday.com
EpsilonEducation	FALSE	Pipedrive
MindMeld	FALSE	Pipedrive
Novel Notions	TRUE	Power BI
RadiantReads	TRUE	Power BI
PetPalace	TRUE	Power BI
DeltaDrinks	TRUE	Power BI
WholesomeWhisk	TRUE	Power BI
DeltaDecor	TRUE	Power BI
SkyHigh Adventures	TRUE	Power BI
GammaGames	TRUE	Power BI
Tech Titans	TRUE	Power BI
VitalVibes	TRUE	Power BI
Optimal Outcomes	TRUE	Power BI
EpsilonEducation	TRUE	Power BI
IotaImprov	TRUE	Power BI
BravoBites	TRUE	Power BI
Knowledgeable Knits	TRUE	Power BI
MuMusic	TRUE	Power BI
ArtisanArmor	TRUE	Power BI
GigaGadgets	TRUE	Power BI
PioneerPhones	TRUE	Power BI
GigaBytes Tech	TRUE	Power BI
BitzBooks	TRUE	Power BI
Sensational Spices	TRUE	Power BI
XiXylophones	TRUE	Power BI
MegaMovies	TRUE	Power BI
RhoRings	TRUE	Power BI
Dynamic Drones	TRUE	Power BI
Ultimate University	TRUE	Power BI
UltimateUniversity	TRUE	Power BI
Ultimate Universes	TRUE	Power BI
Fantastic Furnishings	TRUE	Power BI
Xceptional Xeroxing	TRUE	Power BI
VibrantVinyls	TRUE	Power BI
XpressoXpress	TRUE	Power BI
Global Goods	TRUE	Power BI
WholesomeWatches	TRUE	Power BI
FitFam Fitness	TRUE	Power BI
AlphaArt	TRUE	Power BI
Natural Necessities	TRUE	Power BI
MuMystery	TRUE	Power BI
EchoEducation	TRUE	Power BI
Innovative Ideas	TRUE	Power BI
Premier Printing	TRUE	Power BI
Luxury Living	TRUE	Power BI
SmartSips	TRUE	Power BI
RadiantReady	TRUE	Power BI
XiXylophoneOrchestra	TRUE	Power BI
GolfGenius	TRUE	Power BI
NovelNotions	TRUE	Power BI
JunoJewelry	TRUE	Power BI
EpsilonEco	TRUE	Power BI
UpsilonUndergarments	TRUE	Power BI
FarmFresh	TRUE	Power BI
ThetaTech	TRUE	Power BI
Green Thumb Gardening	TRUE	Power BI
Gourmet Grub	TRUE	Power BI
Xcellent Xeriscaping	TRUE	Power BI
Precise Prints	TRUE	Power BI
OptimisticOutdoors	TRUE	Power BI
TechTonic	TRUE	Power BI
MindMeld Therapy	TRUE	Power BI
XtremeXercise	TRUE	Power BI
TrendyTees	TRUE	Power BI
NuNutrition	TRUE	Power BI
DeltaDesigns	TRUE	Power BI
Glamorous Gaming	TRUE	Power BI
QuantaCoffee	TRUE	Power BI
EtaEscapeRooms	TRUE	Power BI
GammaGardening	TRUE	Power BI
Healthy Habits	TRUE	Power BI
Joyful Jewels	TRUE	Power BI
GlowGuru	TRUE	Power BI
Optimal Organics	TRUE	Power BI
CharlieChargers	TRUE	Power BI
AlphaAccessories	TRUE	Power BI
Radiant Robotics	TRUE	Power BI
MindMeld	TRUE	Power BI
PhiFitness	TRUE	Power BI
GigaGadgets	TRUE	Power BI
PiPizza	TRUE	Power BI
Artisan Oven	TRUE	Power BI
OmicronOrganics	TRUE	Power BI
LambdaLiterature	TRUE	Power BI
Brilliant Blooms	TRUE	Power BI
Creative Coding	TRUE	Power BI
Wise Watches	TRUE	Power BI
Inspiring Instruments	TRUE	Power BI
BitzBooks	TRUE	Power BI
RhoRamen	TRUE	Power BI
Fashion Forward	TRUE	Power BI
FoxtrotFitness	TRUE	Power BI
EcoEase Solutions	TRUE	Power BI
InspireInnovations	TRUE	Power BI
Marvelous Maps	TRUE	Power BI
MuseMusic	TRUE	Power BI
TrendyTech	TRUE	Power BI
EtaEntertainment	TRUE	Power BI
TauTies	TRUE	Power BI
Ace Athletics	TRUE	Power BI
UltimateUtensils	TRUE	Power BI
Esteemed Education	TRUE	Power BI
NuNotebooks	TRUE	Power BI
Joyful Journeys	TRUE	QlikView
Radiant Robotics	TRUE	QlikView
Novel Notions	TRUE	QlikView
UpsilonUndergarments	TRUE	QlikView
OmegaOutdoors	TRUE	QlikView
Motivational Mentors	TRUE	QlikView
Eco-Friendly Cleaning Solutions	TRUE	QlikView
TrendyTech	TRUE	QlikView
PioneerPhones	TRUE	QlikView
Precise Prints	TRUE	QlikView
Knowledge Navigators	TRUE	QlikView
Sensational Spices	TRUE	QlikView
WholesomeWatches	TRUE	QlikView
MindMeld Therapy	TRUE	QlikView
Pet Palace	TRUE	QlikView
Vibrant Visions	TRUE	QlikView
Harmonious Homes	TRUE	QlikView
EcoEase Solutions	TRUE	QlikView
YogaYurt	TRUE	QlikView
Smart Homes	TRUE	QlikView
ThetaTech	TRUE	QlikView
DeltaDecor	TRUE	QlikView
ZenZone	TRUE	QlikView
Creative Coding	TRUE	QlikView
Tech Titans	TRUE	QlikView
Wise Words	TRUE	QlikView
GolfGenius	TRUE	QlikView
SapphireStationery	TRUE	QlikView
AlphaAccessories	TRUE	QlikView
NuNotebooks	TRUE	QlikView
Restful Retreats	TRUE	QlikView
RadiantReads	TRUE	QlikView
InspireInnovations	TRUE	QlikView
UltimateUniversity	TRUE	QlikView
Artisan Oven	TRUE	QlikView
Fantastic Furnishings	TRUE	QlikView
Xceptional Xeroxing	TRUE	QlikView
GammaGames	TRUE	QlikView
BetaBaking	TRUE	QlikView
Global Goods	TRUE	QlikView
TechTonic	TRUE	QlikView
CharlieChargers	TRUE	QlikView
PhiPhotography	TRUE	QlikView
Savvy Savers	TRUE	QlikView
Dynamic Drones	TRUE	QlikView
PetPalace	TRUE	QlikView
EchoEducation	TRUE	QlikView
QuillQuotes	TRUE	QlikView
OmicronOrganics	TRUE	QlikView
Bountiful Books	TRUE	QlikView
GigaBytes Tech	TRUE	QlikView
KappaKids	TRUE	QlikView
XiXylophoneOrchestra	TRUE	QlikView
Optimal Organics	TRUE	QlikView
BitzBooks	TRUE	QlikView
EpsilonEducation	TRUE	QlikView
IotaImprov	TRUE	QlikView
Natural Necessities	TRUE	QlikView
Quality Quilting	TRUE	QlikView
Glamorous Gaming	TRUE	QlikView
KidKonnect	TRUE	QlikView
ArtisanArmor	TRUE	QlikView
Luxury Living	TRUE	QlikView
Xcellent Xeriscaping	TRUE	QlikView
BitzBooks	TRUE	QlikView
QuirkyQuills Writing	TRUE	QlikView
Inspiring Instruments	TRUE	QlikView
Esteemed Education	TRUE	QlikView
NovelNotions	TRUE	QlikView
ZenZenith	TRUE	QlikView
Fit For Life	TRUE	QlikView
Knowledgeable Knits	TRUE	QlikView
Quality Quilts	TRUE	QlikView
Youthful Yarns	TRUE	QlikView
Ultimate Universes	TRUE	QlikView
Gourmet Grub	TRUE	QlikView
Healthy Habits	TRUE	QlikView
XpressoXpress	TRUE	QlikView
GlowGuru	TRUE	QlikView
Sustainable Solutions	TRUE	QlikView
Optimal Outcomes	TRUE	QlikView
Vibrant Vases	TRUE	QlikView
JunoJewelry	TRUE	QlikView
EpsilonEco	TRUE	QlikView
Ultimate University	TRUE	QlikView
Mindful Meditation	TRUE	QlikView
Marvelous Maps	TRUE	QlikView
Youthful Yogis	TRUE	QlikView
GammaGardening	TRUE	QlikView
Brilliant Blooms	TRUE	QlikView
HotelHaven	TRUE	QlikView
Wise Watches	TRUE	QlikView
Bright Beginnings	TRUE	QlikView
Artistic Expressions	TRUE	QlikView
Zen Zoology	TRUE	QlikView
MindMeld	TRUE	QlikView
VirtuosoViolins	TRUE	QlikView
Elegant Events	TRUE	QlikView
ThetaTheater	TRUE	QlikView
Chic Chocolates	TRUE	QlikView
Innovative Ideas	TRUE	QlikView
Virtuoso Virtual Assistants	TRUE	QlikView
PicoPets	TRUE	QlikView
GreenGlow	TRUE	QlikView
Ace Athletics	TRUE	QlikView
KaleidoscopeKids	TRUE	QlikView
XiXylophones	TRUE	QlikView
Pet Palace	TRUE	Salesforce Service Cloud
MegaMovies	TRUE	Salesforce Service Cloud
MindMeld	TRUE	Salesforce Service Cloud
Restful Retreats	TRUE	Salesforce Service Cloud
NuNutrition	TRUE	Salesforce Service Cloud
RadiantReads	TRUE	Salesforce Service Cloud
Knowledgeable Knits	TRUE	Salesforce Service Cloud
ThetaTheater	TRUE	Salesforce Service Cloud
UpsilonUnderwear	TRUE	Salesforce Service Cloud
KidKonnect	TRUE	Salesforce Service Cloud
Innovative Ideas	TRUE	Salesforce Service Cloud
PsiSocks	TRUE	Salesforce Service Cloud
DeltaDecor	TRUE	Salesforce Service Cloud
Bountiful Books	TRUE	Salesforce Service Cloud
PsiPlants	TRUE	Salesforce Service Cloud
GigaBytes Tech	TRUE	Salesforce Service Cloud
GreenGlow	TRUE	Salesforce Service Cloud
Tech Titans	TRUE	Salesforce Service Cloud
NanoNails	TRUE	Salesforce Service Cloud
UltimateUtensils	TRUE	Salesforce Service Cloud
Inspiring Instruments	TRUE	Salesforce Service Cloud
ZetaZumba	TRUE	Salesforce Service Cloud
MindMeld Therapy	TRUE	Salesforce Service Cloud
AlphaAccessories	TRUE	Salesforce Service Cloud
FitFam Fitness	TRUE	Salesforce Service Cloud
Radiant Robotics	TRUE	Salesforce Service Cloud
Savvy Savers	TRUE	Salesforce Service Cloud
PhiFitness	TRUE	Salesforce Service Cloud
BravoBites	TRUE	Salesforce Service Cloud
Ultimate University	TRUE	Salesforce Service Cloud
PiPizza	TRUE	Salesforce Service Cloud
UltimateUniversity	TRUE	Salesforce Service Cloud
Youthful Yarns	TRUE	Salesforce Service Cloud
Eco-Friendly Cleaning Solutions	TRUE	Salesforce Service Cloud
NatureNook	TRUE	Salesforce Service Cloud
Luxury Living	TRUE	Salesforce Service Cloud
EtaEntertainment	TRUE	Salesforce Service Cloud
LuxeLuggage	TRUE	Salesforce Service Cloud
Precise Prints	TRUE	Salesforce Service Cloud
BetaBaking	TRUE	Salesforce Service Cloud
QuirkyQuills Writing	TRUE	Salesforce Service Cloud
VitalVibes	TRUE	Salesforce Service Cloud
Sustainable Solutions	TRUE	Salesforce Service Cloud
XiXylophones	TRUE	Salesforce Service Cloud
SapphireStationery	TRUE	Salesforce Service Cloud
IotaIceCream	TRUE	Salesforce Service Cloud
NovelNotions	TRUE	Salesforce Service Cloud
Luxurious Luggage	TRUE	Salesforce Service Cloud
IotaImprov	TRUE	Salesforce Service Cloud
VirtuosoViolins	TRUE	Salesforce Service Cloud
LuxeLashes	TRUE	Salesforce Service Cloud
Elegant Events	TRUE	Salesforce Service Cloud
OmegaOutdoors	TRUE	Salesforce Service Cloud
EchoEducation	TRUE	Salesforce Service Cloud
Marvelous Maps	TRUE	Salesforce Service Cloud
OmegaOuterwear	TRUE	Salesforce Service Cloud
BloomBox Flowers	TRUE	Salesforce Service Cloud
GigaGadgets	TRUE	Salesforce Service Cloud
Gourmet Grub	TRUE	Salesforce Service Cloud
PicoPets	TRUE	Salesforce Service Cloud
VibrantVinyls	TRUE	Salesforce Service Cloud
Joyful Jewels	TRUE	Salesforce Service Cloud
KappaKids	TRUE	Salesforce Service Cloud
OptimisticOutdoors	TRUE	Salesforce Service Cloud
Sensational Spices	TRUE	Salesforce Service Cloud
Bright Beginnings	TRUE	Salesforce Service Cloud
ChiChocolates	TRUE	Salesforce Service Cloud
CharlieChargers	TRUE	Salesforce Service Cloud
RhoRamen	TRUE	Salesforce Service Cloud
XtremeXercise	TRUE	Salesforce Service Cloud
Vibrant Visions	TRUE	Salesforce Service Cloud
RhoRings	TRUE	Salesforce Service Cloud
FoxtrotFitness	TRUE	Salesforce Service Cloud
Zen Zumba	TRUE	Salesforce Service Cloud
MuMystery	TRUE	Salesforce Service Cloud
YogaYurt	TRUE	Salesforce Service Cloud
OptimumOptics	TRUE	Salesforce Service Cloud
Chic Chocolates	TRUE	Salesforce Service Cloud
ThetaTech	TRUE	Salesforce Service Cloud
MuseMusic	TRUE	Salesforce Service Cloud
Fantastic Furnishings	TRUE	Salesforce Service Cloud
GammaGardening	TRUE	Salesforce Service Cloud
SkyHigh Adventures	TRUE	Salesforce Service Cloud
SmartSips	TRUE	Salesforce Service Cloud
Talented Tailors	TRUE	Salesforce Service Cloud
SigmaShoes	TRUE	Salesforce Service Cloud
YogaYonder	TRUE	Salesforce Service Cloud
Wise Words	TRUE	Salesforce Service Cloud
KappaKnitting	TRUE	Salesforce Service Cloud
WholesomeWatches	TRUE	Salesforce Service Cloud
MysticMoods	TRUE	Salesforce Service Cloud
FitFusion	TRUE	Salesforce Service Cloud
Fashion Forward	TRUE	Salesforce Service Cloud
AlphaArt	TRUE	Salesforce Service Cloud
PremiumPens	TRUE	Salesforce Service Cloud
Dynamic Drones	TRUE	Salesforce Service Cloud
UpsilonUndergarments	TRUE	Salesforce Service Cloud
InspireInnovations	TRUE	Salesforce Service Cloud
FarmFresh	TRUE	Salesforce Service Cloud
Motivational Mentors	TRUE	Salesforce Service Cloud
QuantaCoffee	TRUE	Salesforce Service Cloud
WholesomeWhisk	TRUE	Salesforce Service Cloud
Premier Printing	TRUE	Salesforce Service Cloud
LambdaLiterature	TRUE	Salesforce Service Cloud
PioneerPhones	TRUE	Salesforce Service Cloud
Trendy Totes	TRUE	Salesforce Service Cloud
Creative Coding	TRUE	Salesforce Service Cloud
BitzBooks	TRUE	Salesforce Service Cloud
GlowGuru	TRUE	Salesforce Service Cloud
Global Goods	TRUE	Salesforce Service Cloud
SigmaSweets	TRUE	Salesforce Service Cloud
GolfGenius	TRUE	Salesforce Service Cloud
BitzBooks	TRUE	Salesforce Service Cloud
Vibrant Vases	TRUE	Salesforce Service Cloud
NuNotebooks	TRUE	Salesforce Service Cloud
ZenZenith	TRUE	Salesforce Service Cloud
StyleSavvy	TRUE	Salesforce Service Cloud
Natural Necessities	TRUE	Salesforce Service Cloud
DeltaDesigns	TRUE	Salesforce Service Cloud
SavvySocks	TRUE	Salesforce Service Cloud
Glamorous Gaming	TRUE	Salesforce Service Cloud
Smart Homes	TRUE	Salesforce Service Cloud
Artisan Oven	TRUE	Salesforce Service Cloud
ArtisanArmor	TRUE	Salesforce Service Cloud
Green Thumb Gardening	TRUE	Salesforce Service Cloud
TauTea	TRUE	Salesforce Service Cloud
ZenZone	TRUE	Salesforce Service Cloud
Xcellent Xeriscaping	TRUE	Salesforce Service Cloud
LambdaLanguages	TRUE	Salesforce Service Cloud
XpressoXpress	TRUE	Salesforce Service Cloud
Wise Watches	TRUE	Salesforce Service Cloud
XiXylophoneOrchestra	TRUE	Salesforce Service Cloud
BetaBeauty	TRUE	Salesforce Service Cloud
QuirkyQuilts	TRUE	Salesforce Service Cloud
Esteemed Education	TRUE	Salesforce Service Cloud
Zen Zoology	TRUE	Salesforce Service Cloud
PhiPhotography	TRUE	Salesforce Service Cloud
JunoJewelry	TRUE	Salesforce Service Cloud
Novel Notions	TRUE	Salesforce Service Cloud
Fit For Life	TRUE	Salesforce Service Cloud
GigaGadgets	TRUE	Salesforce Service Cloud
PetPalace	TRUE	Salesforce Service Cloud
Quality Quilts	TRUE	Salesforce Service Cloud
DeltaDrinks	TRUE	Salesforce Service Cloud
QuillQuotes	TRUE	Salesforce Service Cloud
Ultimate Universes	TRUE	Salesforce Service Cloud
EtaEscapeRooms	TRUE	Salesforce Service Cloud
Virtuoso Virtual Assistants	TRUE	Salesforce Service Cloud
HomeHaven	TRUE	Salesforce Service Cloud
Healthy Habits	TRUE	Salesforce Service Cloud
TauTies	TRUE	Salesforce Service Cloud
HotelHaven	TRUE	Salesforce Service Cloud
Ace Athletics	TRUE	Salesforce Service Cloud
ChiCheese	TRUE	Salesforce Service Cloud
ZipZap Deliveries	TRUE	Salesforce Service Cloud
TechTonic	TRUE	Salesforce Service Cloud
Optimal Outcomes	TRUE	Salesforce Service Cloud
Joyful Journeys	TRUE	Salesforce Service Cloud
EpsilonEducation	TRUE	Salesforce Service Cloud
TrendyTees	TRUE	Salesforce Service Cloud
Harmonious Homes	TRUE	Salesforce Service Cloud
EpsilonEco	TRUE	Salesforce Service Cloud
EcoEase Solutions	TRUE	Salesforce Service Cloud
Quality Quilting	TRUE	Salesforce Service Cloud
Mindful Meditation	TRUE	Salesforce Service Cloud
MuMusic	TRUE	Salesforce Service Cloud
AlphaApparel	TRUE	Salesforce Service Cloud
Youthful Yogis	TRUE	Salesforce Service Cloud
OmicronOrganics	TRUE	Salesforce Service Cloud
TrendyTech	TRUE	Salesforce Service Cloud
Xceptional Xeroxing	TRUE	Salesforce Service Cloud
Brilliant Blooms	TRUE	Salesforce Service Cloud
GammaGames	TRUE	Salesforce Service Cloud
RadiantReady	TRUE	Salesforce Service Cloud
Knowledge Navigators	TRUE	Salesforce Service Cloud
ZetaZen	TRUE	Salesforce Service Cloud
KaleidoscopeKids	TRUE	Salesforce Service Cloud
Optimal Organics	TRUE	Salesforce Service Cloud
Artistic Expressions	TRUE	Salesforce Service Cloud
Tech Titans	TRUE	SAP Analytics Cloud
EcoEase Solutions	TRUE	SAP Analytics Cloud
Ultimate Universes	TRUE	SAP Analytics Cloud
BitzBooks	TRUE	SAP Analytics Cloud
RadiantReads	TRUE	SAP Analytics Cloud
ThetaTech	TRUE	SAP Analytics Cloud
Creative Coding	TRUE	SAP Analytics Cloud
EpsilonEco	TRUE	SAP Analytics Cloud
UltimateUniversity	TRUE	SAP Analytics Cloud
GigaBytes Tech	TRUE	SAP Analytics Cloud
AlphaAccessories	TRUE	SAP Analytics Cloud
Glamorous Gaming	TRUE	SAP Analytics Cloud
BitzBooks	TRUE	SAP Analytics Cloud
InspireInnovations	TRUE	SAP Analytics Cloud
Healthy Habits	TRUE	SAP Analytics Cloud
WholesomeWatches	TRUE	SAP Analytics Cloud
PetPalace	TRUE	SAP Analytics Cloud
PioneerPhones	TRUE	SAP Analytics Cloud
Sensational Spices	TRUE	SAP Analytics Cloud
Ultimate University	TRUE	SAP Analytics Cloud
TrendyTech	TRUE	SAP Analytics Cloud
Global Goods	TRUE	SAP Analytics Cloud
UpsilonUndergarments	TRUE	SAP Analytics Cloud
DeltaDecor	TRUE	SAP Analytics Cloud
EpsilonEco	FALSE	Sendinblue
EcoEase Solutions	FALSE	Sendinblue
AlphaAccessories	FALSE	Sendinblue
FitFam Fitness	FALSE	Sendinblue
MindMeld	FALSE	Sendinblue
Restful Retreats	FALSE	Sendinblue
NuNutrition	FALSE	Sendinblue
RadiantReads	FALSE	Sendinblue
RhoRamen	FALSE	Sendinblue
NovelNotions	FALSE	Sendinblue
Radiant Robotics	FALSE	Sendinblue
Savvy Savers	FALSE	Sendinblue
PhiFitness	FALSE	Sendinblue
BravoBites	FALSE	Sendinblue
XtremeXercise	FALSE	Sendinblue
Vibrant Visions	FALSE	Sendinblue
IotaImprov	FALSE	Sendinblue
FoxtrotFitness	FALSE	Sendinblue
LuxeLashes	FALSE	Sendinblue
FitFusion	FALSE	Sendinblue
Fashion Forward	FALSE	Sendinblue
RhoRings	FALSE	Sendinblue
Zen Zumba	FALSE	Sendinblue
Vibrant Vases	FALSE	Sendinblue
NuNotebooks	FALSE	Sendinblue
AlphaArt	FALSE	Sendinblue
PremiumPens	FALSE	Sendinblue
Dynamic Drones	FALSE	Sendinblue
Zen Zoology	FALSE	Sendinblue
PhiPhotography	FALSE	Sendinblue
ZenZenith	FALSE	Sendinblue
StyleSavvy	FALSE	Sendinblue
Natural Necessities	FALSE	Sendinblue
DeltaDesigns	FALSE	Sendinblue
Joyful Journeys	FALSE	Sendinblue
EpsilonEducation	FALSE	Sendinblue
JunoJewelry	FALSE	Sendinblue
Novel Notions	FALSE	Sendinblue
Fit For Life	FALSE	Sendinblue
GigaGadgets	FALSE	Sendinblue
Pet Palace	FALSE	Sendinblue
MegaMovies	FALSE	Sendinblue
TrendyTees	FALSE	Sendinblue
Harmonious Homes	FALSE	Sendinblue
NovelNotions	TRUE	ServiceNow
ZenZenith	TRUE	ServiceNow
LuxeLashes	TRUE	ServiceNow
PetPalace	TRUE	ServiceNow
AlphaApparel	TRUE	ServiceNow
Fantastic Furnishings	TRUE	ServiceNow
Luxury Living	TRUE	ServiceNow
Trendy Totes	TRUE	ServiceNow
XpressoXpress	TRUE	ServiceNow
ZetaZen	TRUE	ServiceNow
TechTonic	TRUE	ServiceNow
BitzBooks	TRUE	ServiceNow
FitFusion	TRUE	ServiceNow
MindMeld	TRUE	ServiceNow
Zen Zumba	TRUE	ServiceNow
Ultimate University	TRUE	ServiceNow
UpsilonUnderwear	TRUE	ServiceNow
PsiSocks	TRUE	ServiceNow
Gourmet Grub	TRUE	ServiceNow
Healthy Habits	TRUE	ServiceNow
RadiantReady	TRUE	ServiceNow
NanoNails	TRUE	ServiceNow
KappaKnitting	TRUE	ServiceNow
Esteemed Education	TRUE	ServiceNow
AlphaAccessories	TRUE	ServiceNow
Radiant Robotics	TRUE	ServiceNow
Dynamic Drones	TRUE	ServiceNow
MuMystery	TRUE	ServiceNow
UltimateUniversity	TRUE	ServiceNow
BloomBox Flowers	TRUE	ServiceNow
GammaGardening	TRUE	ServiceNow
Brilliant Blooms	TRUE	ServiceNow
Creative Coding	TRUE	ServiceNow
YogaYonder	TRUE	ServiceNow
SigmaSweets	TRUE	ServiceNow
Optimal Outcomes	TRUE	ServiceNow
IotaIceCream	TRUE	ServiceNow
Luxurious Luggage	TRUE	ServiceNow
EpsilonEco	TRUE	ServiceNow
UpsilonUndergarments	TRUE	ServiceNow
EchoEducation	TRUE	ServiceNow
ArtisanArmor	TRUE	ServiceNow
TauTea	TRUE	ServiceNow
PsiPlants	TRUE	ServiceNow
LambdaLanguages	TRUE	ServiceNow
GlowGuru	TRUE	ServiceNow
BetaBeauty	TRUE	ServiceNow
ZetaZumba	TRUE	ServiceNow
Fashion Forward	TRUE	ServiceNow
PremiumPens	TRUE	ServiceNow
GigaGadgets	TRUE	ServiceNow
OptimumOptics	TRUE	ServiceNow
Ultimate Universes	TRUE	ServiceNow
TrendyTech	TRUE	ServiceNow
EtaEntertainment	TRUE	ServiceNow
TauTies	TRUE	ServiceNow
Wise Watches	TRUE	ServiceNow
ZipZap Deliveries	TRUE	ServiceNow
XiXylophones	TRUE	ServiceNow
NuNotebooks	TRUE	ServiceNow
StyleSavvy	TRUE	ServiceNow
EcoEase Solutions	TRUE	ServiceNow
Glamorous Gaming	TRUE	ServiceNow
Innovative Ideas	TRUE	ServiceNow
DeltaDecor	TRUE	ServiceNow
PioneerPhones	TRUE	ServiceNow
GammaGames	TRUE	ServiceNow
Tech Titans	TRUE	ServiceNow
Sensational Spices	TRUE	ServiceNow
ChiChocolates	TRUE	ServiceNow
MindMeld Therapy	TRUE	ServiceNow
EpsilonEducation	TRUE	ServiceNow
Novel Notions	TRUE	ServiceNow
RadiantReads	TRUE	ServiceNow
InspireInnovations	TRUE	ServiceNow
OmegaOuterwear	TRUE	ServiceNow
NatureNook	TRUE	ServiceNow
HomeHaven	TRUE	ServiceNow
GigaBytes Tech	TRUE	ServiceNow
SigmaShoes	TRUE	ServiceNow
Global Goods	TRUE	ServiceNow
WholesomeWatches	TRUE	ServiceNow
CharlieChargers	TRUE	ServiceNow
MegaMovies	TRUE	ServiceNow
IotaImprov	TRUE	ServiceNow
BravoBites	TRUE	ServiceNow
SavvySocks	TRUE	ServiceNow
ThetaTech	TRUE	ServiceNow
GigaGadgets	TRUE	ServiceNow
Xceptional Xeroxing	TRUE	ServiceNow
LuxeLuggage	TRUE	ServiceNow
BitzBooks	TRUE	ServiceNow
ChiCheese	TRUE	ServiceNow
QuirkyQuilts	TRUE	ServiceNow
MysticMoods	TRUE	ServiceNow
EcoEase Solutions	TRUE	Sisense
Ultimate Universes	TRUE	Sisense
Tech Titans	TRUE	Sisense
RadiantReads	TRUE	Sisense
ThetaTech	TRUE	Sisense
BitzBooks	TRUE	Sisense
EpsilonEco	TRUE	Sisense
UltimateUniversity	TRUE	Sisense
Creative Coding	TRUE	Sisense
AlphaAccessories	TRUE	Sisense
Glamorous Gaming	TRUE	Sisense
GigaBytes Tech	TRUE	Sisense
InspireInnovations	TRUE	Sisense
Healthy Habits	TRUE	Sisense
BitzBooks	TRUE	Sisense
PetPalace	TRUE	Sisense
PioneerPhones	TRUE	Sisense
WholesomeWatches	TRUE	Sisense
Ultimate University	TRUE	Sisense
TrendyTech	TRUE	Sisense
Sensational Spices	TRUE	Sisense
UpsilonUndergarments	TRUE	Sisense
DeltaDecor	TRUE	Sisense
Global Goods	TRUE	Sisense
MindMeld	FALSE	Smartsheet
Vibrant Visions	FALSE	Smartsheet
EpsilonEducation	FALSE	Smartsheet
MegaMovies	FALSE	Smartsheet
Natural Necessities	FALSE	Smartsheet
Novel Notions	FALSE	Smartsheet
Sustainable Solutions	TRUE	Tableau
XiXylophones	TRUE	Tableau
SapphireStationery	TRUE	Tableau
IotaIceCream	TRUE	Tableau
NovelNotions	TRUE	Tableau
Luxurious Luggage	TRUE	Tableau
IotaImprov	TRUE	Tableau
VirtuosoViolins	TRUE	Tableau
LuxeLashes	TRUE	Tableau
Elegant Events	TRUE	Tableau
OmegaOutdoors	TRUE	Tableau
EchoEducation	TRUE	Tableau
Marvelous Maps	TRUE	Tableau
OmegaOuterwear	TRUE	Tableau
BloomBox Flowers	TRUE	Tableau
NatureNook	TRUE	Tableau
Luxury Living	TRUE	Tableau
EtaEntertainment	TRUE	Tableau
LuxeLuggage	TRUE	Tableau
Precise Prints	TRUE	Tableau
BetaBaking	TRUE	Tableau
QuirkyQuills Writing	TRUE	Tableau
VitalVibes	TRUE	Tableau
ChiChocolates	TRUE	Tableau
CharlieChargers	TRUE	Tableau
RhoRamen	TRUE	Tableau
XtremeXercise	TRUE	Tableau
Vibrant Visions	TRUE	Tableau
RhoRings	TRUE	Tableau
FoxtrotFitness	TRUE	Tableau
Zen Zumba	TRUE	Tableau
MuMystery	TRUE	Tableau
YogaYurt	TRUE	Tableau
OptimumOptics	TRUE	Tableau
Chic Chocolates	TRUE	Tableau
ThetaTech	TRUE	Tableau
MuseMusic	TRUE	Tableau
GigaGadgets	TRUE	Tableau
Gourmet Grub	TRUE	Tableau
PicoPets	TRUE	Tableau
VibrantVinyls	TRUE	Tableau
Joyful Jewels	TRUE	Tableau
KappaKids	TRUE	Tableau
OptimisticOutdoors	TRUE	Tableau
Sensational Spices	TRUE	Tableau
Bright Beginnings	TRUE	Tableau
WholesomeWatches	TRUE	Tableau
MysticMoods	TRUE	Tableau
FitFusion	TRUE	Tableau
Fashion Forward	TRUE	Tableau
AlphaArt	TRUE	Tableau
PremiumPens	TRUE	Tableau
Dynamic Drones	TRUE	Tableau
UpsilonUndergarments	TRUE	Tableau
InspireInnovations	TRUE	Tableau
FarmFresh	TRUE	Tableau
Motivational Mentors	TRUE	Tableau
QuantaCoffee	TRUE	Tableau
WholesomeWhisk	TRUE	Tableau
Fantastic Furnishings	TRUE	Tableau
GammaGardening	TRUE	Tableau
SkyHigh Adventures	TRUE	Tableau
SmartSips	TRUE	Tableau
Talented Tailors	TRUE	Tableau
SigmaShoes	TRUE	Tableau
YogaYonder	TRUE	Tableau
Wise Words	TRUE	Tableau
KappaKnitting	TRUE	Tableau
GolfGenius	TRUE	Tableau
BitzBooks	TRUE	Tableau
Vibrant Vases	TRUE	Tableau
NuNotebooks	TRUE	Tableau
ZenZenith	TRUE	Tableau
StyleSavvy	TRUE	Tableau
Natural Necessities	TRUE	Tableau
DeltaDesigns	TRUE	Tableau
SavvySocks	TRUE	Tableau
Glamorous Gaming	TRUE	Tableau
Smart Homes	TRUE	Tableau
Artisan Oven	TRUE	Tableau
ArtisanArmor	TRUE	Tableau
Premier Printing	TRUE	Tableau
LambdaLiterature	TRUE	Tableau
PioneerPhones	TRUE	Tableau
Trendy Totes	TRUE	Tableau
Creative Coding	TRUE	Tableau
BitzBooks	TRUE	Tableau
GlowGuru	TRUE	Tableau
Global Goods	TRUE	Tableau
SigmaSweets	TRUE	Tableau
QuirkyQuilts	TRUE	Tableau
Esteemed Education	TRUE	Tableau
Zen Zoology	TRUE	Tableau
PhiPhotography	TRUE	Tableau
JunoJewelry	TRUE	Tableau
Novel Notions	TRUE	Tableau
Fit For Life	TRUE	Tableau
GigaGadgets	TRUE	Tableau
PetPalace	TRUE	Tableau
Quality Quilts	TRUE	Tableau
DeltaDrinks	TRUE	Tableau
QuillQuotes	TRUE	Tableau
Ultimate Universes	TRUE	Tableau
Green Thumb Gardening	TRUE	Tableau
TauTea	TRUE	Tableau
ZenZone	TRUE	Tableau
Xcellent Xeriscaping	TRUE	Tableau
LambdaLanguages	TRUE	Tableau
XpressoXpress	TRUE	Tableau
Wise Watches	TRUE	Tableau
XiXylophoneOrchestra	TRUE	Tableau
BetaBeauty	TRUE	Tableau
TechTonic	TRUE	Tableau
Optimal Outcomes	TRUE	Tableau
Joyful Journeys	TRUE	Tableau
EpsilonEducation	TRUE	Tableau
TrendyTees	TRUE	Tableau
Harmonious Homes	TRUE	Tableau
EpsilonEco	TRUE	Tableau
EcoEase Solutions	TRUE	Tableau
Quality Quilting	TRUE	Tableau
Mindful Meditation	TRUE	Tableau
MuMusic	TRUE	Tableau
AlphaApparel	TRUE	Tableau
Youthful Yogis	TRUE	Tableau
EtaEscapeRooms	TRUE	Tableau
Virtuoso Virtual Assistants	TRUE	Tableau
HomeHaven	TRUE	Tableau
Healthy Habits	TRUE	Tableau
TauTies	TRUE	Tableau
HotelHaven	TRUE	Tableau
Ace Athletics	TRUE	Tableau
ChiCheese	TRUE	Tableau
ZipZap Deliveries	TRUE	Tableau
Optimal Organics	TRUE	Tableau
Artistic Expressions	TRUE	Tableau
Pet Palace	TRUE	Tableau
MegaMovies	TRUE	Tableau
MindMeld	TRUE	Tableau
Restful Retreats	TRUE	Tableau
NuNutrition	TRUE	Tableau
RadiantReads	TRUE	Tableau
Knowledgeable Knits	TRUE	Tableau
ThetaTheater	TRUE	Tableau
UpsilonUnderwear	TRUE	Tableau
KidKonnect	TRUE	Tableau
Innovative Ideas	TRUE	Tableau
OmicronOrganics	TRUE	Tableau
TrendyTech	TRUE	Tableau
Xceptional Xeroxing	TRUE	Tableau
Brilliant Blooms	TRUE	Tableau
GammaGames	TRUE	Tableau
RadiantReady	TRUE	Tableau
Knowledge Navigators	TRUE	Tableau
ZetaZen	TRUE	Tableau
KaleidoscopeKids	TRUE	Tableau
Inspiring Instruments	TRUE	Tableau
ZetaZumba	TRUE	Tableau
MindMeld Therapy	TRUE	Tableau
AlphaAccessories	TRUE	Tableau
FitFam Fitness	TRUE	Tableau
Radiant Robotics	TRUE	Tableau
Savvy Savers	TRUE	Tableau
PhiFitness	TRUE	Tableau
BravoBites	TRUE	Tableau
Ultimate University	TRUE	Tableau
PiPizza	TRUE	Tableau
UltimateUniversity	TRUE	Tableau
Youthful Yarns	TRUE	Tableau
Eco-Friendly Cleaning Solutions	TRUE	Tableau
PsiSocks	TRUE	Tableau
DeltaDecor	TRUE	Tableau
Bountiful Books	TRUE	Tableau
PsiPlants	TRUE	Tableau
GigaBytes Tech	TRUE	Tableau
GreenGlow	TRUE	Tableau
Tech Titans	TRUE	Tableau
NanoNails	TRUE	Tableau
UltimateUtensils	TRUE	Tableau
QuillQuotes	TRUE	Tibco Spotfire
Ultimate Universes	TRUE	Tibco Spotfire
Green Thumb Gardening	TRUE	Tibco Spotfire
TauTea	TRUE	Tibco Spotfire
ZenZone	TRUE	Tibco Spotfire
Xcellent Xeriscaping	TRUE	Tibco Spotfire
LambdaLanguages	TRUE	Tibco Spotfire
XpressoXpress	TRUE	Tibco Spotfire
Wise Watches	TRUE	Tibco Spotfire
XiXylophoneOrchestra	TRUE	Tibco Spotfire
BetaBeauty	TRUE	Tibco Spotfire
QuirkyQuilts	TRUE	Tibco Spotfire
Esteemed Education	TRUE	Tibco Spotfire
Zen Zoology	TRUE	Tibco Spotfire
PhiPhotography	TRUE	Tibco Spotfire
JunoJewelry	TRUE	Tibco Spotfire
Novel Notions	TRUE	Tibco Spotfire
Fit For Life	TRUE	Tibco Spotfire
GigaGadgets	TRUE	Tibco Spotfire
PetPalace	TRUE	Tibco Spotfire
Quality Quilts	TRUE	Tibco Spotfire
DeltaDrinks	TRUE	Tibco Spotfire
Youthful Yogis	TRUE	Tibco Spotfire
EtaEscapeRooms	TRUE	Tibco Spotfire
Virtuoso Virtual Assistants	TRUE	Tibco Spotfire
HomeHaven	TRUE	Tibco Spotfire
Healthy Habits	TRUE	Tibco Spotfire
TauTies	TRUE	Tibco Spotfire
HotelHaven	TRUE	Tibco Spotfire
Ace Athletics	TRUE	Tibco Spotfire
ChiCheese	TRUE	Tibco Spotfire
ZipZap Deliveries	TRUE	Tibco Spotfire
TechTonic	TRUE	Tibco Spotfire
Optimal Outcomes	TRUE	Tibco Spotfire
Joyful Journeys	TRUE	Tibco Spotfire
EpsilonEducation	TRUE	Tibco Spotfire
TrendyTees	TRUE	Tibco Spotfire
Harmonious Homes	TRUE	Tibco Spotfire
EpsilonEco	TRUE	Tibco Spotfire
EcoEase Solutions	TRUE	Tibco Spotfire
Quality Quilting	TRUE	Tibco Spotfire
Mindful Meditation	TRUE	Tibco Spotfire
MuMusic	TRUE	Tibco Spotfire
AlphaApparel	TRUE	Tibco Spotfire
Innovative Ideas	TRUE	Tibco Spotfire
OmicronOrganics	TRUE	Tibco Spotfire
TrendyTech	TRUE	Tibco Spotfire
Xceptional Xeroxing	TRUE	Tibco Spotfire
Brilliant Blooms	TRUE	Tibco Spotfire
GammaGames	TRUE	Tibco Spotfire
RadiantReady	TRUE	Tibco Spotfire
Knowledge Navigators	TRUE	Tibco Spotfire
ZetaZen	TRUE	Tibco Spotfire
KaleidoscopeKids	TRUE	Tibco Spotfire
Optimal Organics	TRUE	Tibco Spotfire
Artistic Expressions	TRUE	Tibco Spotfire
Pet Palace	TRUE	Tibco Spotfire
MegaMovies	TRUE	Tibco Spotfire
MindMeld	TRUE	Tibco Spotfire
Restful Retreats	TRUE	Tibco Spotfire
NuNutrition	TRUE	Tibco Spotfire
RadiantReads	TRUE	Tibco Spotfire
Knowledgeable Knits	TRUE	Tibco Spotfire
ThetaTheater	TRUE	Tibco Spotfire
UpsilonUnderwear	TRUE	Tibco Spotfire
KidKonnect	TRUE	Tibco Spotfire
IotaIceCream	TRUE	Tibco Spotfire
Eco-Friendly Cleaning Solutions	TRUE	Tibco Spotfire
PsiSocks	TRUE	Tibco Spotfire
DeltaDecor	TRUE	Tibco Spotfire
Bountiful Books	TRUE	Tibco Spotfire
PsiPlants	TRUE	Tibco Spotfire
GigaBytes Tech	TRUE	Tibco Spotfire
GreenGlow	TRUE	Tibco Spotfire
Tech Titans	TRUE	Tibco Spotfire
NanoNails	TRUE	Tibco Spotfire
UltimateUtensils	TRUE	Tibco Spotfire
Inspiring Instruments	TRUE	Tibco Spotfire
ZetaZumba	TRUE	Tibco Spotfire
MindMeld Therapy	TRUE	Tibco Spotfire
AlphaAccessories	TRUE	Tibco Spotfire
FitFam Fitness	TRUE	Tibco Spotfire
Radiant Robotics	TRUE	Tibco Spotfire
Savvy Savers	TRUE	Tibco Spotfire
PhiFitness	TRUE	Tibco Spotfire
BravoBites	TRUE	Tibco Spotfire
Ultimate University	TRUE	Tibco Spotfire
PiPizza	TRUE	Tibco Spotfire
UltimateUniversity	TRUE	Tibco Spotfire
Youthful Yarns	TRUE	Tibco Spotfire
RhoRamen	TRUE	Tibco Spotfire
OmegaOuterwear	TRUE	Tibco Spotfire
BloomBox Flowers	TRUE	Tibco Spotfire
NatureNook	TRUE	Tibco Spotfire
Luxury Living	TRUE	Tibco Spotfire
EtaEntertainment	TRUE	Tibco Spotfire
LuxeLuggage	TRUE	Tibco Spotfire
Precise Prints	TRUE	Tibco Spotfire
BetaBaking	TRUE	Tibco Spotfire
QuirkyQuills Writing	TRUE	Tibco Spotfire
VitalVibes	TRUE	Tibco Spotfire
Sustainable Solutions	TRUE	Tibco Spotfire
XiXylophones	TRUE	Tibco Spotfire
SapphireStationery	TRUE	Tibco Spotfire
NovelNotions	TRUE	Tibco Spotfire
Luxurious Luggage	TRUE	Tibco Spotfire
IotaImprov	TRUE	Tibco Spotfire
VirtuosoViolins	TRUE	Tibco Spotfire
LuxeLashes	TRUE	Tibco Spotfire
Elegant Events	TRUE	Tibco Spotfire
OmegaOutdoors	TRUE	Tibco Spotfire
EchoEducation	TRUE	Tibco Spotfire
Marvelous Maps	TRUE	Tibco Spotfire
ThetaTech	TRUE	Tibco Spotfire
MuseMusic	TRUE	Tibco Spotfire
GigaGadgets	TRUE	Tibco Spotfire
Gourmet Grub	TRUE	Tibco Spotfire
PicoPets	TRUE	Tibco Spotfire
VibrantVinyls	TRUE	Tibco Spotfire
Joyful Jewels	TRUE	Tibco Spotfire
KappaKids	TRUE	Tibco Spotfire
OptimisticOutdoors	TRUE	Tibco Spotfire
Sensational Spices	TRUE	Tibco Spotfire
Bright Beginnings	TRUE	Tibco Spotfire
ChiChocolates	TRUE	Tibco Spotfire
CharlieChargers	TRUE	Tibco Spotfire
XtremeXercise	TRUE	Tibco Spotfire
Vibrant Visions	TRUE	Tibco Spotfire
RhoRings	TRUE	Tibco Spotfire
FoxtrotFitness	TRUE	Tibco Spotfire
Zen Zumba	TRUE	Tibco Spotfire
MuMystery	TRUE	Tibco Spotfire
YogaYurt	TRUE	Tibco Spotfire
OptimumOptics	TRUE	Tibco Spotfire
Chic Chocolates	TRUE	Tibco Spotfire
QuantaCoffee	TRUE	Tibco Spotfire
WholesomeWhisk	TRUE	Tibco Spotfire
Fantastic Furnishings	TRUE	Tibco Spotfire
GammaGardening	TRUE	Tibco Spotfire
SkyHigh Adventures	TRUE	Tibco Spotfire
SmartSips	TRUE	Tibco Spotfire
Talented Tailors	TRUE	Tibco Spotfire
SigmaShoes	TRUE	Tibco Spotfire
YogaYonder	TRUE	Tibco Spotfire
Wise Words	TRUE	Tibco Spotfire
KappaKnitting	TRUE	Tibco Spotfire
WholesomeWatches	TRUE	Tibco Spotfire
MysticMoods	TRUE	Tibco Spotfire
FitFusion	TRUE	Tibco Spotfire
Fashion Forward	TRUE	Tibco Spotfire
AlphaArt	TRUE	Tibco Spotfire
PremiumPens	TRUE	Tibco Spotfire
Dynamic Drones	TRUE	Tibco Spotfire
UpsilonUndergarments	TRUE	Tibco Spotfire
InspireInnovations	TRUE	Tibco Spotfire
FarmFresh	TRUE	Tibco Spotfire
Motivational Mentors	TRUE	Tibco Spotfire
Artisan Oven	TRUE	Tibco Spotfire
ArtisanArmor	TRUE	Tibco Spotfire
Premier Printing	TRUE	Tibco Spotfire
LambdaLiterature	TRUE	Tibco Spotfire
PioneerPhones	TRUE	Tibco Spotfire
Trendy Totes	TRUE	Tibco Spotfire
Creative Coding	TRUE	Tibco Spotfire
BitzBooks	TRUE	Tibco Spotfire
GlowGuru	TRUE	Tibco Spotfire
Global Goods	TRUE	Tibco Spotfire
SigmaSweets	TRUE	Tibco Spotfire
GolfGenius	TRUE	Tibco Spotfire
BitzBooks	TRUE	Tibco Spotfire
Vibrant Vases	TRUE	Tibco Spotfire
NuNotebooks	TRUE	Tibco Spotfire
ZenZenith	TRUE	Tibco Spotfire
StyleSavvy	TRUE	Tibco Spotfire
Natural Necessities	TRUE	Tibco Spotfire
DeltaDesigns	TRUE	Tibco Spotfire
SavvySocks	TRUE	Tibco Spotfire
Glamorous Gaming	TRUE	Tibco Spotfire
Smart Homes	TRUE	Tibco Spotfire
Natural Necessities	FALSE	Wrike
Novel Notions	FALSE	Wrike
MindMeld	FALSE	Wrike
Vibrant Visions	FALSE	Wrike
EpsilonEducation	FALSE	Wrike
MegaMovies	FALSE	Wrike
RadiantReads	TRUE	Zendesk
TrendyTech	TRUE	Zendesk
AlphaAccessories	TRUE	Zendesk
DeltaDecor	TRUE	Zendesk
BitzBooks	TRUE	Zendesk
Ultimate Universes	TRUE	Zendesk
WholesomeWatches	TRUE	Zendesk
ThetaTech	TRUE	Zendesk
Sensational Spices	TRUE	Zendesk
UltimateUniversity	TRUE	Zendesk
Global Goods	TRUE	Zendesk
Glamorous Gaming	TRUE	Zendesk
Tech Titans	TRUE	Zendesk
InspireInnovations	TRUE	Zendesk
BitzBooks	TRUE	Zendesk
Ultimate University	TRUE	Zendesk
Healthy Habits	TRUE	Zendesk
MindMeld	FALSE	Zoho CRM
EpsilonEducation	FALSE	Zoho CRM